{
  "train_split": "ABC_FAIR",
  "eval_split": "ABC",
  "eval_mode": "zero_shot",
  "seed": 42,
  "checkpoint": "/mnt/workspace/cv_final/task2/outputs/train_abc_fair/checkpoints/080000",
  "eval_dataset": "/mnt/workspace/cv_final/task2/data/calvin_env_ABC",
  "policy_chunk_size": 100,
  "policy_n_action_steps": 10,
  "episodes": null,
  "num_batches": 50274,
  "num_frames_evaluated": 804370,
  "success_thresholds": [
    0.05,
    0.1,
    0.5,
    1.0
  ],
  "action_l1_loss": 0.39048053793029386,
  "action_l1_median": 0.36037057638168335,
  "action_l1_mean": 0.3923819363117218,
  "action_l1_std": 0.18364518880844116,
  "action_l1_p10": 0.20026569068431854,
  "action_l1_p90": 0.6135798692703247,
  "action_l1_p95": 0.7277514934539795,
  "chunk_step_l1": [
    0.38885226043101156,
    0.3821267186671118,
    0.3754402325677626,
    0.36933482182515737,
    0.3640710193107303,
    0.36088034928505025,
    0.35821702169636815,
    0.35774365570219424,
    0.35777094381540325,
    0.3592686036164629,
    0.36034970287247264,
    0.36174399485723435,
    0.36462189280272345,
    0.3667586427174008,
    0.3686754785800214,
    0.3709703611852934,
    0.3729276205805593,
    0.3747605491014074,
    0.37713837041701676,
    0.37916320163909706,
    0.3807726433019766,
    0.38246081322825104,
    0.38443432261432314,
    0.3860238387138675,
    0.3883206657902786,
    0.39070690356682847,
    0.39253570674798266,
    0.39502334475383816,
    0.3979231358794846,
    0.4018657378437496,
    0.4028823050193043,
    0.40399627450475106,
    0.40603451946045366,
    0.40796267298085387,
    0.4100882308405004,
    0.41264089466656256,
    0.4134752363114807,
    0.41660873266557397,
    0.42132467684743863,
    0.42453487690477715,
    0.4268027491069292,
    0.4292223398216268,
    0.43134847213650823,
    0.43576364840237136,
    0.4394669306278541,
    0.443267799028148,
    0.4467837069404084,
    0.45220102696132375,
    0.4565933663693751,
    0.46132723179276425,
    0.46675527376627507,
    0.47341552585238433,
    0.4811869615235847,
    0.4879985570756234,
    0.49651572210546746,
    0.5037384078722077,
    0.5115078275301207,
    0.5214984290455625,
    0.5312518593464723,
    0.5416564738169245,
    0.5528761460928178,
    0.5663528297545457,
    0.579900212780807,
    0.596653327217572,
    0.6163228191549869,
    null,
    null,
    null,
    null,
    null,
    null,
    null,
    null,
    null,
    null,
    null,
    null,
    null,
    null,
    null,
    null,
    null,
    null,
    null,
    null,
    null,
    null,
    null,
    null,
    null,
    null,
    null,
    null,
    null,
    null,
    null,
    null,
    null,
    null,
    null
  ],
  "chunk_first_step_l1": 0.38885226043101156,
  "chunk_last_step_l1": 0.6163228191549869,
  "chunk_horizon_degradation": 1.5849793915865178,
  "action_dim_l1": {
    "pos_x": 0.35068101180779193,
    "pos_y": 0.3450048856303183,
    "pos_z": 0.39986828794296425,
    "rot_x": 0.5920719965694788,
    "rot_y": 0.5432920662397571,
    "rot_z": 0.33328218631910816,
    "gripper": 0.17581820276580662
  },
  "success_rate_t0_05": 0.00013426656886756096,
  "success_rate_t0_1": 0.00853835921280008,
  "success_rate_t0_5": 0.7925593943085893,
  "success_rate_t1_0": 0.9890846252346557,
  "note": "Offline metrics in preprocessor-normalized action space. chunk_step_l1: mean per-frame L1 at each step within the predicted action chunk (measures Action Chunking horizon degradation). chunk_horizon_degradation = last_step_l1 / first_step_l1 (>1 means error grows with horizon). For homework Success Rate (task-level), see docs/calvin_sim_setup.md."
}