{
  "train_split": "B",
  "eval_split": "D",
  "eval_mode": "zero_shot",
  "seed": 42,
  "checkpoint": "/mnt/workspace/cv_final/task2/outputs/train_b/checkpoints/080000",
  "eval_dataset": "/mnt/workspace/cv_final/task2/data/calvin_env_D",
  "policy_chunk_size": 100,
  "policy_n_action_steps": 10,
  "episodes": null,
  "num_batches": 16711,
  "num_frames_evaluated": 267373,
  "success_thresholds": [
    0.05,
    0.1,
    0.5,
    1.0
  ],
  "action_l1_loss": 0.5219194188932047,
  "action_l1_median": 0.4569604992866516,
  "action_l1_mean": 0.5125587582588196,
  "action_l1_std": 0.2659078538417816,
  "action_l1_p10": 0.21767790615558624,
  "action_l1_p90": 0.8853946328163147,
  "action_l1_p95": 1.0130977630615234,
  "chunk_step_l1": [
    0.4895877932785086,
    0.4900078993015006,
    0.4889065112748855,
    0.4865650451390034,
    0.48422393197370783,
    0.4831285796451602,
    0.4826584888235182,
    0.4841311696410781,
    0.48623004174612494,
    0.48903496765217197,
    0.4924883789622377,
    0.4958959049613082,
    0.49934697623629154,
    0.5044034637286585,
    0.5077353829010777,
    0.513056575172044,
    0.5175309498490304,
    0.5216304305978035,
    0.5255062480824686,
    0.5289786266574305,
    0.5321603327970788,
    0.5356014935801586,
    0.5391068604901981,
    0.5417732815592194,
    0.5444304009200387,
    0.5468252347560576,
    0.5507673378366617,
    0.5530982616306918,
    0.5549862958510274,
    0.5573342619402042,
    0.5585612944896767,
    0.5605719768039152,
    0.5627337383980617,
    0.5649130535218447,
    0.5671600038331589,
    0.5697487057041712,
    0.5721382892335606,
    0.5748683371980512,
    0.5781143652741928,
    0.5817065323058176,
    0.5851080598460451,
    0.5900550952836002,
    0.5935034910729127,
    0.5987536360910677,
    0.6036470404887992,
    0.6090035341342361,
    0.6149523153870494,
    0.6217379906403139,
    0.6273009305158107,
    0.6343107276772332,
    0.6412510663438459,
    0.6463942358053779,
    0.6525200224034832,
    0.6579912609043734,
    0.6644868749085953,
    0.6714543921623307,
    0.6784343032690359,
    0.6825039309235761,
    0.6894288293414101,
    0.6947692287659062,
    0.7029417056335862,
    0.7096230884474681,
    0.7205957936294604,
    0.72939593362281,
    0.7406922180293951,
    null,
    null,
    null,
    null,
    null,
    null,
    null,
    null,
    null,
    null,
    null,
    null,
    null,
    null,
    null,
    null,
    null,
    null,
    null,
    null,
    null,
    null,
    null,
    null,
    null,
    null,
    null,
    null,
    null,
    null,
    null,
    null,
    null,
    null,
    null
  ],
  "chunk_first_step_l1": 0.4895877932785086,
  "chunk_last_step_l1": 0.7406922180293951,
  "chunk_horizon_degradation": 1.5128894719154944,
  "action_dim_l1": {
    "pos_x": 0.5272339045333864,
    "pos_y": 0.5158005523346404,
    "pos_z": 0.5711379774112005,
    "rot_x": 0.6512617991790661,
    "rot_y": 0.6651637183445186,
    "rot_z": 0.4796052215916147,
    "gripper": 0.3267689330441524
  },
  "success_rate_t0_05": 5.9841494840541114e-05,
  "success_rate_t0_1": 0.007655971246161729,
  "success_rate_t0_5": 0.5612309395488699,
  "success_rate_t1_0": 0.9461276942698028,
  "note": "Offline metrics in preprocessor-normalized action space. chunk_step_l1: mean per-frame L1 at each step within the predicted action chunk (measures Action Chunking horizon degradation). chunk_horizon_degradation = last_step_l1 / first_step_l1 (>1 means error grows with horizon). For homework Success Rate (task-level), see docs/calvin_sim_setup.md."
}