{
  "train_split": "ABC_FAIR",
  "eval_split": "D",
  "eval_mode": "zero_shot",
  "seed": 42,
  "checkpoint": "/mnt/workspace/cv_final/task2/outputs/train_abc_fair/checkpoints/080000",
  "eval_dataset": "/mnt/workspace/cv_final/task2/data/calvin_env_D",
  "policy_chunk_size": 100,
  "policy_n_action_steps": 10,
  "episodes": null,
  "num_batches": 16711,
  "num_frames_evaluated": 267373,
  "success_thresholds": [
    0.05,
    0.1,
    0.5,
    1.0
  ],
  "action_l1_loss": 0.4631250451570991,
  "action_l1_median": 0.4112173616886139,
  "action_l1_mean": 0.45901575684547424,
  "action_l1_std": 0.22961321473121643,
  "action_l1_p10": 0.21705110371112823,
  "action_l1_p90": 0.7685271501541138,
  "action_l1_p95": 0.9065073132514954,
  "chunk_step_l1": [
    0.43438363111058415,
    0.4316663487326569,
    0.42838722847667643,
    0.42555409810783873,
    0.42245827491640653,
    0.4212288073863049,
    0.4204274089849037,
    0.42131498742583434,
    0.4227895929636123,
    0.42576039119778936,
    0.4282354531599179,
    0.43111930674368687,
    0.43526771400207465,
    0.4388854710043096,
    0.44231449393943584,
    0.4460979088250175,
    0.4500216818449832,
    0.4535566419123276,
    0.4576017007562784,
    0.46150942289290364,
    0.465101890109906,
    0.4682734443858171,
    0.47162067401853913,
    0.4745375082932284,
    0.4776279807036566,
    0.48063153294063854,
    0.4838992223154071,
    0.4866437699534149,
    0.48974556626366433,
    0.4930359670688295,
    0.49475186952743117,
    0.4966368077196483,
    0.49906263560940967,
    0.5013647649941629,
    0.503772813307365,
    0.5064471641660222,
    0.5078446184928929,
    0.5109396027121074,
    0.5157496269099703,
    0.5188030976346668,
    0.521882719013794,
    0.5254752466327888,
    0.5276584983045701,
    0.532676913148403,
    0.5369687350494409,
    0.5428356828984036,
    0.5469219914493199,
    0.5530124844002993,
    0.5566931710320955,
    0.562346908654597,
    0.5702306294804348,
    0.5755860388839588,
    0.5827962594030178,
    0.5889931718312326,
    0.5958249204113572,
    0.601175406620558,
    0.6074168770321913,
    0.6150919948426395,
    0.6220406626119953,
    0.6303647767395388,
    0.6393569942496697,
    0.6483803695644283,
    0.6575102930906456,
    0.6683321344291152,
    0.6823412183034451,
    null,
    null,
    null,
    null,
    null,
    null,
    null,
    null,
    null,
    null,
    null,
    null,
    null,
    null,
    null,
    null,
    null,
    null,
    null,
    null,
    null,
    null,
    null,
    null,
    null,
    null,
    null,
    null,
    null,
    null,
    null,
    null,
    null,
    null,
    null
  ],
  "chunk_first_step_l1": 0.43438363111058415,
  "chunk_last_step_l1": 0.6823412183034451,
  "chunk_horizon_degradation": 1.5708262683815002,
  "action_dim_l1": {
    "pos_x": 0.4434690154914268,
    "pos_y": 0.44056284737747736,
    "pos_z": 0.49721249258203437,
    "rot_x": 0.6259049437892397,
    "rot_y": 0.6137607746670605,
    "rot_z": 0.4082175505610071,
    "gripper": 0.25635182866516804
  },
  "success_rate_t0_05": 5.9841494840541114e-05,
  "success_rate_t0_1": 0.00758864956446612,
  "success_rate_t0_5": 0.6641358701140354,
  "success_rate_t1_0": 0.9698548469740774,
  "note": "Offline metrics in preprocessor-normalized action space. chunk_step_l1: mean per-frame L1 at each step within the predicted action chunk (measures Action Chunking horizon degradation). chunk_horizon_degradation = last_step_l1 / first_step_l1 (>1 means error grows with horizon). For homework Success Rate (task-level), see docs/calvin_sim_setup.md."
}