{
  "train_split": "B",
  "eval_split": "B",
  "eval_mode": "in_distribution",
  "seed": 42,
  "checkpoint": "/mnt/workspace/cv_final/task2/outputs/train_b/checkpoints/080000",
  "eval_dataset": "/mnt/workspace/cv_final/task2/data/calvin_env_B",
  "policy_chunk_size": 100,
  "policy_n_action_steps": 10,
  "episodes": null,
  "num_batches": 16763,
  "num_frames_evaluated": 268201,
  "success_thresholds": [
    0.05,
    0.1,
    0.5,
    1.0
  ],
  "action_l1_loss": 0.30993165872195044,
  "action_l1_median": 0.2940959334373474,
  "action_l1_mean": 0.31419137120246887,
  "action_l1_std": 0.13936613500118256,
  "action_l1_p10": 0.1675581932067871,
  "action_l1_p90": 0.4774519205093384,
  "action_l1_p95": 0.5509350895881653,
  "chunk_step_l1": [
    0.3409069220551559,
    0.3294438844550977,
    0.3184393794744005,
    0.30849551245372336,
    0.30147607506519886,
    0.2965809384028709,
    0.29407137686198453,
    0.29319217995600044,
    0.29312478531510394,
    0.2938797897701256,
    0.2951397343656504,
    0.2953022189808503,
    0.29530282919784157,
    0.2963908429060813,
    0.2962441747667692,
    0.29702280211523907,
    0.29722902820524866,
    0.2978730481914974,
    0.2982665278121516,
    0.29755331156839626,
    0.2977318108666229,
    0.2987790862858411,
    0.29962491146275794,
    0.3003342298973399,
    0.3012639403971114,
    0.3026033638963309,
    0.3043440354400797,
    0.3053667881724195,
    0.30677593056738445,
    0.30771403472992404,
    0.3087186528266115,
    0.3101547848685079,
    0.3115412118345243,
    0.3123439528665707,
    0.3133569444126723,
    0.3139454647902004,
    0.31553955292155517,
    0.3168059890076355,
    0.31944835516640857,
    0.32184468762401014,
    0.3247432529819701,
    0.3271534220908811,
    0.32938760548258317,
    0.33182189919855937,
    0.33282985584849595,
    0.33514869533551317,
    0.337280683808039,
    0.3410991663490679,
    0.34535923938501134,
    0.3474099185387207,
    0.35066293720014846,
    0.3546670251495701,
    0.3589096192852594,
    0.3635916107406515,
    0.3680633167139724,
    0.37417737139537083,
    0.3810673791314287,
    0.3897131807776697,
    0.3974792256159103,
    0.4088134748381421,
    0.42333432558796963,
    0.43776657159561927,
    0.4575200559285639,
    0.4798018132495186,
    0.5091106092610227,
    null,
    null,
    null,
    null,
    null,
    null,
    null,
    null,
    null,
    null,
    null,
    null,
    null,
    null,
    null,
    null,
    null,
    null,
    null,
    null,
    null,
    null,
    null,
    null,
    null,
    null,
    null,
    null,
    null,
    null,
    null,
    null,
    null,
    null,
    null
  ],
  "chunk_first_step_l1": 0.3409069220551559,
  "chunk_last_step_l1": 0.5091106092610227,
  "chunk_horizon_degradation": 1.4934006214712556,
  "action_dim_l1": {
    "pos_x": 0.25272022430204905,
    "pos_y": 0.25167475292285485,
    "pos_z": 0.29957824164272084,
    "rot_x": 0.5324497131963536,
    "rot_y": 0.4558550765022708,
    "rot_z": 0.2679736210750075,
    "gripper": 0.11488753294380243
  },
  "success_rate_t0_05": 8.948512496224846e-05,
  "success_rate_t0_1": 0.0159246236964068,
  "success_rate_t0_5": 0.9192396747215708,
  "success_rate_t1_0": 0.9965585512358268,
  "note": "Offline metrics in preprocessor-normalized action space. chunk_step_l1: mean per-frame L1 at each step within the predicted action chunk (measures Action Chunking horizon degradation). chunk_horizon_degradation = last_step_l1 / first_step_l1 (>1 means error grows with horizon). For homework Success Rate (task-level), see docs/calvin_sim_setup.md."
}