{
  "train_split": "B",
  "in_distribution_eval": "B",
  "zero_shot_eval": "D",
  "policy_chunk_size": 100,
  "policy_n_action_steps": 10,
  "generalization_gap": {
    "action_l1_loss": {
      "absolute": 0.21198776017125426,
      "relative": 1.6839822722383944
    },
    "action_l1_median": {
      "absolute": 0.1628645658493042,
      "relative": 1.5537804074533386
    },
    "chunk_horizon_degradation": {
      "absolute": 0.01948885044423876,
      "relative": 1.0130499814745215
    }
  },
  "in_distribution": {
    "action_l1_loss": 0.30993165872195044,
    "action_l1_median": 0.2940959334373474,
    "action_l1_p90": 0.4774519205093384,
    "chunk_first_step_l1": 0.3409069220551559,
    "chunk_last_step_l1": 0.5091106092610227,
    "chunk_horizon_degradation": 1.4934006214712556,
    "chunk_step_l1": [
      0.3409069220551559,
      0.3294438844550977,
      0.3184393794744005,
      0.30849551245372336,
      0.30147607506519886,
      0.2965809384028709,
      0.29407137686198453,
      0.29319217995600044,
      0.29312478531510394,
      0.2938797897701256,
      0.2951397343656504,
      0.2953022189808503,
      0.29530282919784157,
      0.2963908429060813,
      0.2962441747667692,
      0.29702280211523907,
      0.29722902820524866,
      0.2978730481914974,
      0.2982665278121516,
      0.29755331156839626,
      0.2977318108666229,
      0.2987790862858411,
      0.29962491146275794,
      0.3003342298973399,
      0.3012639403971114,
      0.3026033638963309,
      0.3043440354400797,
      0.3053667881724195,
      0.30677593056738445,
      0.30771403472992404,
      0.3087186528266115,
      0.3101547848685079,
      0.3115412118345243,
      0.3123439528665707,
      0.3133569444126723,
      0.3139454647902004,
      0.31553955292155517,
      0.3168059890076355,
      0.31944835516640857,
      0.32184468762401014,
      0.3247432529819701,
      0.3271534220908811,
      0.32938760548258317,
      0.33182189919855937,
      0.33282985584849595,
      0.33514869533551317,
      0.337280683808039,
      0.3410991663490679,
      0.34535923938501134,
      0.3474099185387207,
      0.35066293720014846,
      0.3546670251495701,
      0.3589096192852594,
      0.3635916107406515,
      0.3680633167139724,
      0.37417737139537083,
      0.3810673791314287,
      0.3897131807776697,
      0.3974792256159103,
      0.4088134748381421,
      0.42333432558796963,
      0.43776657159561927,
      0.4575200559285639,
      0.4798018132495186,
      0.5091106092610227,
      null,
      null,
      null,
      null,
      null,
      null,
      null,
      null,
      null,
      null,
      null,
      null,
      null,
      null,
      null,
      null,
      null,
      null,
      null,
      null,
      null,
      null,
      null,
      null,
      null,
      null,
      null,
      null,
      null,
      null,
      null,
      null,
      null,
      null,
      null
    ],
    "action_dim_l1": {
      "pos_x": 0.25272022430204905,
      "pos_y": 0.25167475292285485,
      "pos_z": 0.29957824164272084,
      "rot_x": 0.5324497131963536,
      "rot_y": 0.4558550765022708,
      "rot_z": 0.2679736210750075,
      "gripper": 0.11488753294380243
    },
    "num_frames_evaluated": 268201
  },
  "zero_shot": {
    "action_l1_loss": 0.5219194188932047,
    "action_l1_median": 0.4569604992866516,
    "action_l1_p90": 0.8853946328163147,
    "chunk_first_step_l1": 0.4895877932785086,
    "chunk_last_step_l1": 0.7406922180293951,
    "chunk_horizon_degradation": 1.5128894719154944,
    "chunk_step_l1": [
      0.4895877932785086,
      0.4900078993015006,
      0.4889065112748855,
      0.4865650451390034,
      0.48422393197370783,
      0.4831285796451602,
      0.4826584888235182,
      0.4841311696410781,
      0.48623004174612494,
      0.48903496765217197,
      0.4924883789622377,
      0.4958959049613082,
      0.49934697623629154,
      0.5044034637286585,
      0.5077353829010777,
      0.513056575172044,
      0.5175309498490304,
      0.5216304305978035,
      0.5255062480824686,
      0.5289786266574305,
      0.5321603327970788,
      0.5356014935801586,
      0.5391068604901981,
      0.5417732815592194,
      0.5444304009200387,
      0.5468252347560576,
      0.5507673378366617,
      0.5530982616306918,
      0.5549862958510274,
      0.5573342619402042,
      0.5585612944896767,
      0.5605719768039152,
      0.5627337383980617,
      0.5649130535218447,
      0.5671600038331589,
      0.5697487057041712,
      0.5721382892335606,
      0.5748683371980512,
      0.5781143652741928,
      0.5817065323058176,
      0.5851080598460451,
      0.5900550952836002,
      0.5935034910729127,
      0.5987536360910677,
      0.6036470404887992,
      0.6090035341342361,
      0.6149523153870494,
      0.6217379906403139,
      0.6273009305158107,
      0.6343107276772332,
      0.6412510663438459,
      0.6463942358053779,
      0.6525200224034832,
      0.6579912609043734,
      0.6644868749085953,
      0.6714543921623307,
      0.6784343032690359,
      0.6825039309235761,
      0.6894288293414101,
      0.6947692287659062,
      0.7029417056335862,
      0.7096230884474681,
      0.7205957936294604,
      0.72939593362281,
      0.7406922180293951,
      null,
      null,
      null,
      null,
      null,
      null,
      null,
      null,
      null,
      null,
      null,
      null,
      null,
      null,
      null,
      null,
      null,
      null,
      null,
      null,
      null,
      null,
      null,
      null,
      null,
      null,
      null,
      null,
      null,
      null,
      null,
      null,
      null,
      null,
      null
    ],
    "action_dim_l1": {
      "pos_x": 0.5272339045333864,
      "pos_y": 0.5158005523346404,
      "pos_z": 0.5711379774112005,
      "rot_x": 0.6512617991790661,
      "rot_y": 0.6651637183445186,
      "rot_z": 0.4796052215916147,
      "gripper": 0.3267689330441524
    },
    "num_frames_evaluated": 267373
  },
  "chunk_step_gap": [
    {
      "step": 0,
      "in_dist": 0.3409069220551559,
      "zero_shot": 0.4895877932785086,
      "absolute_gap": 0.14868087122335272
    },
    {
      "step": 1,
      "in_dist": 0.3294438844550977,
      "zero_shot": 0.4900078993015006,
      "absolute_gap": 0.16056401484640292
    },
    {
      "step": 2,
      "in_dist": 0.3184393794744005,
      "zero_shot": 0.4889065112748855,
      "absolute_gap": 0.170467131800485
    },
    {
      "step": 3,
      "in_dist": 0.30849551245372336,
      "zero_shot": 0.4865650451390034,
      "absolute_gap": 0.17806953268528003
    },
    {
      "step": 4,
      "in_dist": 0.30147607506519886,
      "zero_shot": 0.48422393197370783,
      "absolute_gap": 0.18274785690850898
    },
    {
      "step": 5,
      "in_dist": 0.2965809384028709,
      "zero_shot": 0.4831285796451602,
      "absolute_gap": 0.18654764124228929
    },
    {
      "step": 6,
      "in_dist": 0.29407137686198453,
      "zero_shot": 0.4826584888235182,
      "absolute_gap": 0.18858711196153366
    },
    {
      "step": 7,
      "in_dist": 0.29319217995600044,
      "zero_shot": 0.4841311696410781,
      "absolute_gap": 0.19093898968507766
    },
    {
      "step": 8,
      "in_dist": 0.29312478531510394,
      "zero_shot": 0.48623004174612494,
      "absolute_gap": 0.193105256431021
    },
    {
      "step": 9,
      "in_dist": 0.2938797897701256,
      "zero_shot": 0.48903496765217197,
      "absolute_gap": 0.1951551778820464
    },
    {
      "step": 10,
      "in_dist": 0.2951397343656504,
      "zero_shot": 0.4924883789622377,
      "absolute_gap": 0.1973486445965873
    },
    {
      "step": 11,
      "in_dist": 0.2953022189808503,
      "zero_shot": 0.4958959049613082,
      "absolute_gap": 0.2005936859804579
    },
    {
      "step": 12,
      "in_dist": 0.29530282919784157,
      "zero_shot": 0.49934697623629154,