{
  "train_split": "ABC_FAIR",
  "in_distribution_eval": "ABC",
  "zero_shot_eval": "D",
  "policy_chunk_size": 100,
  "policy_n_action_steps": 10,
  "generalization_gap": {
    "action_l1_loss": {
      "absolute": 0.07264450722680527,
      "relative": 1.18603873988663
    },
    "action_l1_median": {
      "absolute": 0.05084678530693054,
      "relative": 1.141095829236282
    },
    "chunk_horizon_degradation": {
      "absolute": -0.014153123205017604,
      "relative": 0.9910704686255568
    }
  },
  "in_distribution": {
    "action_l1_loss": 0.39048053793029386,
    "action_l1_median": 0.36037057638168335,
    "action_l1_p90": 0.6135798692703247,
    "chunk_first_step_l1": 0.38885226043101156,
    "chunk_last_step_l1": 0.6163228191549869,
    "chunk_horizon_degradation": 1.5849793915865178,
    "chunk_step_l1": [
      0.38885226043101156,
      0.3821267186671118,
      0.3754402325677626,
      0.36933482182515737,
      0.3640710193107303,
      0.36088034928505025,
      0.35821702169636815,
      0.35774365570219424,
      0.35777094381540325,
      0.3592686036164629,
      0.36034970287247264,
      0.36174399485723435,
      0.36462189280272345,
      0.3667586427174008,
      0.3686754785800214,
      0.3709703611852934,
      0.3729276205805593,
      0.3747605491014074,
      0.37713837041701676,
      0.37916320163909706,
      0.3807726433019766,
      0.38246081322825104,
      0.38443432261432314,
      0.3860238387138675,
      0.3883206657902786,
      0.39070690356682847,
      0.39253570674798266,
      0.39502334475383816,
      0.3979231358794846,
      0.4018657378437496,
      0.4028823050193043,
      0.40399627450475106,
      0.40603451946045366,
      0.40796267298085387,
      0.4100882308405004,
      0.41264089466656256,
      0.4134752363114807,
      0.41660873266557397,
      0.42132467684743863,
      0.42453487690477715,
      0.4268027491069292,
      0.4292223398216268,
      0.43134847213650823,
      0.43576364840237136,
      0.4394669306278541,
      0.443267799028148,
      0.4467837069404084,
      0.45220102696132375,
      0.4565933663693751,
      0.46132723179276425,
      0.46675527376627507,
      0.47341552585238433,
      0.4811869615235847,
      0.4879985570756234,
      0.49651572210546746,
      0.5037384078722077,
      0.5115078275301207,
      0.5214984290455625,
      0.5312518593464723,
      0.5416564738169245,
      0.5528761460928178,
      0.5663528297545457,
      0.579900212780807,
      0.596653327217572,
      0.6163228191549869,
      null,
      null,
      null,
      null,
      null,
      null,
      null,
      null,
      null,
      null,
      null,
      null,
      null,
      null,
      null,
      null,
      null,
      null,
      null,
      null,
      null,
      null,
      null,
      null,
      null,
      null,
      null,
      null,
      null,
      null,
      null,
      null,
      null,
      null,
      null
    ],
    "action_dim_l1": {
      "pos_x": 0.35068101180779193,
      "pos_y": 0.3450048856303183,
      "pos_z": 0.39986828794296425,
      "rot_x": 0.5920719965694788,
      "rot_y": 0.5432920662397571,
      "rot_z": 0.33328218631910816,
      "gripper": 0.17581820276580662
    },
    "num_frames_evaluated": 804370
  },
  "zero_shot": {
    "action_l1_loss": 0.4631250451570991,
    "action_l1_median": 0.4112173616886139,
    "action_l1_p90": 0.7685271501541138,
    "chunk_first_step_l1": 0.43438363111058415,
    "chunk_last_step_l1": 0.6823412183034451,
    "chunk_horizon_degradation": 1.5708262683815002,
    "chunk_step_l1": [
      0.43438363111058415,
      0.4316663487326569,
      0.42838722847667643,
      0.42555409810783873,
      0.42245827491640653,
      0.4212288073863049,
      0.4204274089849037,
      0.42131498742583434,
      0.4227895929636123,
      0.42576039119778936,
      0.4282354531599179,
      0.43111930674368687,
      0.43526771400207465,
      0.4388854710043096,
      0.44231449393943584,
      0.4460979088250175,
      0.4500216818449832,
      0.4535566419123276,
      0.4576017007562784,
      0.46150942289290364,
      0.465101890109906,
      0.4682734443858171,
      0.47162067401853913,
      0.4745375082932284,
      0.4776279807036566,
      0.48063153294063854,
      0.4838992223154071,
      0.4866437699534149,
      0.48974556626366433,
      0.4930359670688295,
      0.49475186952743117,
      0.4966368077196483,
      0.49906263560940967,
      0.5013647649941629,
      0.503772813307365,
      0.5064471641660222,
      0.5078446184928929,
      0.5109396027121074,
      0.5157496269099703,
      0.5188030976346668,
      0.521882719013794,
      0.5254752466327888,
      0.5276584983045701,
      0.532676913148403,
      0.5369687350494409,
      0.5428356828984036,
      0.5469219914493199,
      0.5530124844002993,
      0.5566931710320955,
      0.562346908654597,
      0.5702306294804348,
      0.5755860388839588,
      0.5827962594030178,
      0.5889931718312326,
      0.5958249204113572,
      0.601175406620558,
      0.6074168770321913,
      0.6150919948426395,
      0.6220406626119953,
      0.6303647767395388,
      0.6393569942496697,
      0.6483803695644283,
      0.6575102930906456,
      0.6683321344291152,
      0.6823412183034451,
      null,
      null,
      null,
      null,
      null,
      null,
      null,
      null,
      null,
      null,
      null,
      null,
      null,
      null,
      null,
      null,
      null,
      null,
      null,
      null,
      null,
      null,
      null,
      null,
      null,
      null,
      null,
      null,
      null,
      null,
      null,
      null,
      null,
      null,
      null
    ],
    "action_dim_l1": {
      "pos_x": 0.4434690154914268,
      "pos_y": 0.44056284737747736,
      "pos_z": 0.49721249258203437,
      "rot_x": 0.6259049437892397,
      "rot_y": 0.6137607746670605,
      "rot_z": 0.4082175505610071,
      "gripper": 0.25635182866516804
    },
    "num_frames_evaluated": 267373
  },
  "chunk_step_gap": [
    {
      "step": 0,
      "in_dist": 0.38885226043101156,
      "zero_shot": 0.43438363111058415,
      "absolute_gap": 0.04553137067957258
    },
    {
      "step": 1,
      "in_dist": 0.3821267186671118,
      "zero_shot": 0.4316663487326569,
      "absolute_gap": 0.049539630065545126
    },
    {
      "step": 2,
      "in_dist": 0.3754402325677626,
      "zero_shot": 0.42838722847667643,
      "absolute_gap": 0.05294699590891383
    },
    {
      "step": 3,
      "in_dist": 0.36933482182515737,
      "zero_shot": 0.42555409810783873,
      "absolute_gap": 0.05621927628268136
    },
    {
      "step": 4,
      "in_dist": 0.3640710193107303,
      "zero_shot": 0.42245827491640653,
      "absolute_gap": 0.0583872556056762
    },
    {
      "step": 5,
      "in_dist": 0.36088034928505025,
      "zero_shot": 0.4212288073863049,
      "absolute_gap": 0.060348458101254665
    },
    {
      "step": 6,
      "in_dist": 0.35821702169636815,
      "zero_shot": 0.4204274089849037,
      "absolute_gap": 0.06221038728853556
    },
    {
      "step": 7,
      "in_dist": 0.35774365570219424,
      "zero_shot": 0.42131498742583434,
      "absolute_gap": 0.0635713317236401
    },
    {
      "step": 8,
      "in_dist": 0.35777094381540325,
      "zero_shot": 0.4227895929636123,
      "absolute_gap": 0.06501864914820904
    },
    {
      "step": 9,
      "in_dist": 0.3592686036164629,
      "zero_shot": 0.42576039119778936,
      "absolute_gap": 0.06649178758132646
    },
    {
      "step": 10,
      "in_dist": 0.36034970287247264,
      "zero_shot": 0.4282354531599179,
      "absolute_gap": 0.06788575028744526
    },
    {
      "step": 11,
      "in_dist": 0.36174399485723435,
      "zero_shot": 0.43111930674368687,
      "absolute_gap": 0.06937531188645252
    },
    {
      "step": 12,
      "in_dist": 0.36462189280272345,
      "zero_shot": 0.43526771400207465,